{
  "version": "3.0",
  "defaultProvider": "unpkg", // ან "cdnjs"
  "libraries": [
    {
      "library": "bootstrap@5.3.3", // უახლესი ვერსია
      "destination": "wwwroot/lib/bootstrap/",
      "files": [
        "dist/css/bootstrap.min.css",
        "dist/js/bootstrap.bundle.min.js"
      ]
    },
    // ⬇️ ახალი დამატება jQuery-სთვის ⬇️
    {
      "library": "jquery@3.7.1", // jQuery-ს უახლესი ვერსია
      "destination": "wwwroot/lib/jquery/dist/",
      "files": [
        "dist/jquery.min.js" // მხოლოდ მინიფიცირებული ვერსია გვჭირდება
      ]
    }
  ]
}